workflow	dataset_scope	metric	before	after	unit	improvement_factor_before_divided_by_after	reduction_percent	interpretation	sources
Large snaf-ts workflow	405810 neojunctions	Elapsed time	733	66.8	seconds	10.97	90.89	Measured; approximately 11x faster; tumor-specificity workflow, not full T/B pipeline	/Users/saljh8/Dropbox/SNAF/MDS/snaf_test_2026-07-04/SNAF_TEST_REPORT.md:127
Small snaf-ts workflow	25026 neojunctions	User CPU time	53.26	14.14	seconds	3.77	73.45	Measured; approximately 3.8x lower user CPU time	/Users/saljh8/Dropbox/SNAF/MDS/snaf_test_2026-07-04/logs/snaf_ts.log:6629; /Users/saljh8/Dropbox/SNAF/MDS/snaf_test_2026-07-04/logs/snaf_ts_v2.log:8
Small snaf-ts workflow	25026 neojunctions	Elapsed time	58.28	59.04	seconds	0.99	-1.30	Measured; elapsed time essentially unchanged	/Users/saljh8/Dropbox/SNAF/MDS/snaf_test_2026-07-04/logs/snaf_ts.log:6629; /Users/saljh8/Dropbox/SNAF/MDS/snaf_test_2026-07-04/logs/snaf_ts_v2.log:8
Small snaf-ts workflow	25026 neojunctions	Peak RAM (maximum resident set size)	5352357888	3991502848	bytes	1.34	25.43	Measured; 5.35 to 3.99 decimal GB; approximately 25% less RAM	/Users/saljh8/Dropbox/SNAF/MDS/snaf_test_2026-07-04/logs/snaf_ts.log:6630; /Users/saljh8/Dropbox/SNAF/MDS/snaf_test_2026-07-04/logs/snaf_ts_v2.log:9
Large snaf-ts workflow	2.63 million junctions x 346 samples	Peak RAM	NA	NA	GB	NA	NA	Report describes approximately 16-20 GB as essentially unchanged; no demonstrated overall RAM reduction from tumor-specificity vectorization	/Users/saljh8/Dropbox/SNAF/MDS/snaf_test_2026-07-04/SNAF_TEST_REPORT.md:130
Foundational sifting modernization	Junctions x samples matrix	Dense float64 matrix copies	3-7	NA	full matrix copies	NA	NA	Dense tiling replaced by NumPy broadcasting and one boolean mask; sparse operations avoid densification; not a measured 3-7x total RAM reduction	/Users/saljh8/Documents/GitHub/altanalyze3/altanalyze3/components/snaf/MODERNIZATION.md:11
BayesTS parallel precompute	Small subset; test harness uses 12000 junctions, 300 epochs, 8 workers	Elapsed-time speedup	NA	NA	seconds	3.0	66.67	Script reports measured 3.0x speedup with bit-identical outputs, but original serial and parallel elapsed times were not recovered; do not infer these from the separate full-scale build.	/Users/saljh8/Dropbox/SNAF/MDS/snaf_test_2026-07-04/1_create_bayests_reference.sh:11
BayesTS full GTEx precompute	2476734 junctions; 50 batches; 8 workers	Elapsed time	NA	4808	seconds	NA	NA	Completed one-time build in 80.13 minutes including wrapper overhead; internal elapsed time 4797 seconds; no matched full-scale serial baseline	/Users/saljh8/Dropbox/SNAF/MDS/snaf_test_2026-07-04/bayests_reference_build.log:6; /Users/saljh8/Dropbox/SNAF/MDS/snaf_test_2026-07-04/bayests_reference_build.log:57
BayesTS optional float32	SVI on CPU; SNAF_BAYES_F32=1	Compute speedup	NA	NA	seconds	2	50	Approximate 2x speedup claimed in code comment; supporting timed output not found; float64 remains default; numerical equivalence not established by that comment	/Users/saljh8/Documents/GitHub/altanalyze3/altanalyze3/components/snaf/bayests.py:105
BayesTS reference reuse	Bundled GTEx and Tabula Sapiens scores	Repeated computation avoided	Hours of model fitting	Precomputed table lookup	qualitative	NA	NA	Routine SNAF runs reuse precomputed scores; no measured lookup-only speedup factor; about 50 MB compressed storage per table is not RAM usage	/Users/saljh8/Documents/GitHub/altanalyze3/altanalyze3/components/snaf/BayesTS/README.md:3
BayesTS memory	Parallel model fitting and reference reuse	Peak RAM	NA	NA	bytes	NA	NA	No measured before/after peak-RAM comparison found; float32 halves storage per floating-point element but does not establish a 2x reduction in whole-process RAM	/Users/saljh8/Documents/GitHub/altanalyze3/altanalyze3/components/snaf/bayests.py:105; /Users/saljh8/Documents/GitHub/altanalyze3/altanalyze3/components/snaf/BayesTS/README.md:17
DeepImmuno model caching and memoization	200 peptide-HLA pairs per call; 4 calls averaged; new path measured after cache warmup	Elapsed-time speedup	0.33	0.00015056	seconds per call	2191.8	99.9544	Before 0.33 s is rounded measured time; after approximately 0.00015056 s is INFERRED from 0.33/2191.8, not a recovered measurement. CSV rounds after to 0.0 s; Markdown says 0.0003 s, inconsistent with ratio. Identical scores; repeated cached calls only.	/Users/saljh8/Dropbox/SNAF/MDS/snaf_test_2026-07-04/benchmarks/benchmark_changes.csv:3; /Users/saljh8/Dropbox/SNAF/MDS/snaf_test_2026-07-04/benchmarks/BENCHMARKS.md:13; /Users/saljh8/Dropbox/SNAF/MDS/snaf_test_2026-07-04/scripts/benchmark_changes.py:54
DeepImmuno memoization microbenchmark	200 peptide-HLA pairs; same input cold versus warm	Elapsed time	0.103	0.0002	seconds	515	99.8058	Calculated from rounded logged times; cached repeat prediction versus cold prediction, not unseen-input inference acceleration	/Users/saljh8/Dropbox/SNAF/MDS/snaf_test_2026-07-04/logs/microbench.log:4
DeepImmuno NumPy inference	Keras CNN versus NumPy/BLAS CNN	Time per row (inverse reported throughput)	0.00015192950470981463	2.7597626604112046e-05	seconds per row	5.5052	81.8352	Reported throughput 6582 to 36235 rows/second; approximately 5.5x; maximum score difference 7.15e-7; float32-level agreement, not bit-identical	/Users/saljh8/Dropbox/SNAF/MDS/snaf_test_2026-07-04/benchmarks/BENCHMARKS.md:20
DeepImmuno model-loading overhead	405810 neojunctions; two model loads per neojunction in old path	Projected repeated loading time	16	Approximately zero repeated loading after cache warmup	hours	NA	NA	Projection based on 0.071 seconds per model build/load; initial loading and inference still have costs; not a measured 16-hour full-run comparison	/Users/saljh8/Dropbox/SNAF/MDS/snaf_test_2026-07-04/BENCHMARK.md:36; /Users/saljh8/Dropbox/SNAF/MDS/snaf_test_2026-07-04/logs/microbench.log:2
DeepImmuno memory	Cached model and optional NumPy CNN	Peak RAM	NA	NA	bytes	NA	NA	No measured before/after peak-RAM comparison found; caching and removing TensorFlow do not alone establish a numeric RAM reduction	/Users/saljh8/Dropbox/SNAF/MDS/snaf_test_2026-07-04/benchmarks/BENCHMARKS.md:13; /Users/saljh8/Dropbox/SNAF/MDS/snaf_test_2026-07-04/benchmarks/BENCHMARKS.md:20
bam2hla typing	One genome-aligned BAM; class-I HLA-A, HLA-B, HLA-C	Reported runtime	NA	A few seconds of pileup plus a vectorized solve	qualitative	NA	NA	README description; no precise timed result or matched OptiType speedup found; one-time reference construction is separate	/Users/saljh8/Documents/GitHub/altanalyze3/altanalyze3/components/bam/bam2hla/README.md:15
